station,lines,2011,2012,2013,2014,2015,2016
149 St-Grand    Concourse,2 4 5,4169699,4104847,4427399,4536888,4424754,4381900
161 St-Yankee    Stadium,B D 4,8605893,8831015,8766012,8961029,8922188,8784407
167 St,4,2978748,3039634,3081534,3067345,3180274,3179087
167 St,B D,2952368,2972535,3091289,3245977,3295032,3365748
170 St,4,2954573,2980786,2961575,2941958,3045205,3038777
170 St,B D,1988409,2032837,2174082,2297459,2286670,2317558
174 St,2 5,2161875,2152009,2301756,2374812,2313651,2411413
174-175 Sts,B D,1492092,1496869,1598189,1719504,1695879,1752387
176 St,4,1720629,1764100,1837995,1848854,1969221,2036529
182-183 Sts,B D,1489026,1447028,1520856,1604218,1643266,1682092
183 St,4,1978737,1997038,2002633,2007140,2057944,2071316
219 St,2 5,1032343,1063058,1099491,1124522,1108859,1049128
225 St,2 5,1336790,1382626,1400377,1445591,1439495,1365544
231 St,1,2731068,2829503,2757855,2912283,2966015,3013521
233 St,2 5,1655372,1674406,1719181,1803693,1762923,1688487
238 St,1,902601,1106353,1092492,1209623,1240616,1327862
3 Av-138 St,6,2280268,2304717,2443326,2534036,2531974,2509085
3 Av-149 St,2 5,7232070,7525904,7310115,7763151,7363663,7609968
Allerton Av,2 5,1602390,1689145,1747352,1829712,1821628,1733740
Baychester Av,5,1106959,1161075,1234050,1186372,1137693,1112259
Bedford Park    Blvd,B D,1914096,1929623,2040887,2136860,2196065,2240256
Bedford Park    Blvd-Lehman College,4,1835965,1796392,1853706,1827260,1863892,1812036
Bronx Park    East,2 5,826356,860554,914831,933109,877311,841547
Brook Av,6,1950893,1901192,1970010,2002825,1981721,1964831
Buhre Av,6,991171,1008640,1111659,637600,661527,1048776
Burke Av,2 5,1036169,1086792,1133298,1158787,1139826,1099582
Burnside Av,4,3528312,3508076,3560191,3558297,3641720,3617308
Castle Hill    Av,6,2341370,2327404,1756879,1491030,2174412,2100194
Cypress Av,6,1142381,1097947,1186696,1226878,1228311,1265930
East 143    St-St Mary's St,6,280840,285464,273895,279012,298462,313386
East 149 St,6,1383455,1403118,1457795,1460311,1479241,1518946
East 180 St,2 5,2164608,2098429,2152570,2445421,2368031,2518622
Eastchester-Dyre    Av,5,1309695,1366077,1441375,1380334,1330123,1293411
Elder Av,6,721362,1936349,2041453,2084044,2080228,2117178
Fordham Rd,4,3966339,3947625,3946955,3857749,3892140,3858183
Fordham Rd,B D,3680312,3655007,3876601,4028205,3905346,3890986
Freeman St,2 5,1348014,1393186,1486965,1517066,1492757,1588448
Gun Hill Rd,2 5,2176939,2235325,2304780,2477798,2449555,2473814
Gun Hill Rd,5,1683011,1757377,1792707,1716952,1639924,1619073
Hunts Point    Av,6,3191706,3204779,3158343,3138131,3305563,3269585
Intervale Av,2 5,902216,937280,1048501,1095221,1039265,1061240
Jackson Av,2 5,1573302,1520612,1686061,1753555,1731638,1802193
Kingsbridge    Rd,4,3169615,3173688,3198725,3149605,3171646,3126119
Kingsbridge    Rd,B D,2275576,2255556,2390749,2562374,2530782,2566076
Longwood Av,6,1067960,1065764,1087990,1098022,1088970,1081519
Middletown Rd,6,559746,566771,441950,661242,795762,598447
Morris Park,5,554320,589170,631930,621945,629282,677899
Morrison    Av-Soundview,6,3028145,2057570,2096942,2125383,2097203,2135920
Mosholu Pkwy,4,2961522,2906150,2917501,2886764,2891451,2836370
Mt Eden Av,4,1814951,1818870,1848483,1824861,1844131,1824478
Nereid Av,2 5,1025004,1086227,1195804,1183733,1162973,1131328
Norwood-205    St,D,2472094,2463462,2569581,2709761,2750124,2805984
Parkchester,6,4851182,4687402,5215409,5586943,5224959,5201901
Pelham Bay    Park,6,2062525,2030215,2096130,2318533,2337689,2208725
Pelham Pkwy,2 5,2701431,2882651,3028494,3084862,3066190,2955589
Pelham Pkwy,5,897433,923188,919689,907735,894727,897374
Prospect Av,2 5,2209945,2125066,2311798,2445131,2394820,2513169
Simpson St,2 5,2901513,2810789,3027856,3121036,3048014,3046838
St Lawrence    Av,6,463809,1212796,1280074,1315456,1320571,1329758
Tremont Av,B D,2772602,2791329,2952385,3130848,3155197,3213396
Van Cortlandt    Park-242 St,1,1937333,2041551,2148667,2188428,2266986,2294482
Wakefield-241    St,2,1560698,1603076,1528793,1669608,1654707,1662337
West Farms    Sq-East Tremont Av,2 5,2391352,2428999,2514240,2567773,2437882,2465907
Westchester    Sq-East Tremont Av,6,1993343,1964525,2043649,2177402,2056555,1952473
Whitlock Av,6,726747,524988,534489,543798,545079,571352
Woodlawn,4,2494092,2417765,2423278,2375663,2418890,2380900
Zerega Av,6,825755,849815,985388,599478,492883,784314
15    St-Prospect Park,F G,1449241,1852346,2005424,2017347,2011237,1958444
18 Av,D,1654305,1661770,1954729,1996205,1925239,2003777
18 Av,F,1306839,1294568,1313344,1277024,1392552,1344286
18 Av,N,1828462,1819255,1641928,1775695,1784992,723187
20 Av,D,1370001,1377648,1547029,1564060,1592525,1656437
20 Av,N,1220065,1245145,1286961,1305487,1279525,409416
25 Av,D,1266146,1206526,1421090,1488192,1508412,1992945
25 St,R,1243737,1198226,1218842,1274939,1221949,1188884
36 St,D N R,3659139,3772420,3826400,3970318,4138929,4235509
4 Av  /9    St,F G R,4020665,4300400,4210873,4120946,4199208,4138758
45 St,R,2328141,2255877,2251217,2323521,2321241,2228315
50 St,D,897609,941157,1021409,1009971,968612,1012356
53 St,R,2401105,2357449,2387370,2405353,2374338,2334471
55 St,D,586282,546080,601931,603320,595157,665488
59 St,N R,3819141,3848745,3968334,4094658,4158863,4169280
7 Av,B Q,2953368,2824839,2905400,2932926,2980366,2943272
7 Av,F G,3934545,3699471,3904986,3886594,3780126,3700321
71 St,D,1115321,1191257,1446020,1481633,1487929,2029479
77 St,R,1579635,1600644,1645262,1711410,1723178,1743795
79 St,D,1633616,1651785,1949861,2041896,2043471,2137349
8 Av,N,3484429,3559576,3677764,3851372,3796909,4586559
86 St,N,796379,811332,801109,837472,859293,419039
86 St,R,3445470,3515085,3662602,3753132,3747601,3752400
9 Av,D,1681423,1668767,1896942,1938987,1843944,1858368
Alabama Av,J,759581,772447,770075,784998,814578,834945
Atlantic    Av-Barclays Ctr,B D N Q R 2 3 4 5,10726332,11526090,13122876,13617153,13690678,13818168
Atlantic Av,L,427914,444960,482835,535041,422505,436300
Avenue H,Q,521818,823237,875106,896279,899662,952855
Avenue I,F,696851,684241,699582,696140,672710,585217
Avenue J,Q,2085557,1807574,1867576,1850087,1848674,1867727
Avenue M,Q,1345774,1608901,1730576,1731955,1733583,1776762
Avenue N,F,1049752,1012534,1044429,1050916,1027713,941921
Avenue P,F,836317,825620,861095,864424,858733,809816
Avenue U,F,696998,707595,717486,699414,716715,772331
Avenue U,N,1244178,1297870,1211062,1251276,1253349,456533
Avenue U,Q,2136714,2071874,2176073,2175035,2231577,2332985
Avenue X,F,854737,860597,908520,892170,589962,727220
Bay 50 St,D,920243,777836,847843,884302,872953,972937
Bay Pkwy,D,2018400,2038864,2298420,2362284,2368617,2578524
Bay Pkwy,F,434564,464906,487308,478322,460536,406793
Bay Pkwy,N,2160569,2221968,2243082,2342792,2298369,3435240
Bay Ridge Av,R,2538150,2522369,2525470,2597559,2623309,2622438
Bay Ridge-95    St,R,1769432,1809829,1830193,1858200,1865038,1853049
Bedford Av,L,7738863,8342397,9214395,9892516,9388289,9688560
Bedford-Nostrand    Avs,G,2012606,2138852,2348998,2513681,2634066,2697942
Bergen St,2 3,1326721,1397036,1296199,1236513,1210571,1231084
Bergen St,F G,3452452,3529174,3650848,3711317,3708300,3599389
Beverley Rd,Q,1095502,950243,737652,838970,899663,953903
Beverly Rd,2 5,1276466,1274789,1364573,1360719,1392643,1379958
Brighton    Beach,B Q,3842789,3781554,3810743,3872092,4014831,4044514
Broadway,G,995856,1023397,1071877,1124407,1313362,1397227
Broadway    Junction,A C J L Z,2810713,2862830,2948156,3018656,3133658,3085401
Bushwick    Av-Aberdeen St,L,405385,427032,490042,563577,598393,672880
Canarsie-Rockaway    Pkwy,L,3865823,3920243,4062690,4175970,4024313,3897784
Carroll St,F G,3598477,3961111,3782675,3616947,3672702,3563150
Central Av,M,890194,992142,505757,970531,1141731,1158274
Chauncey St,J Z,966989,964735,938803,959091,1045698,1092483
Church Av,2 5,3057877,2987887,3059215,3020066,3070551,3027658
Church Av,B Q,4665059,4982615,5603898,5482093,5707573,5438775
Church Av,F G,3271729,3081142,3193844,3201585,3353795,3315387
Clark St,2 3,1754204,1855650,1972314,2018876,1997148,2000024
Classon Av,G,1308232,1355886,1432872,1477256,1604508,1581663
Cleveland St,J,1002848,1029708,1050261,1107397,1120403,1104683
Clinton-Washington    Avs,C,1819542,1891559,2104035,2077312,2060200,2152345
Clinton-Washington    Avs,G,1628558,1637463,1678004,1652336,1716023,1656058
Coney    Island-Stillwell Av,D F N Q,4649438,4733106,4690794,4980140,5132083,5025598
Cortelyou Rd,Q,2135444,1992781,1700177,1806758,1961144,1978254
Court St    /Borough Hall,R 2 3 4 5,11115037,10988473,11291705,11474717,11360058,11080334
Crescent St,J Z,1514075,1504645,1509290,1583134,1626727,1617730
Crown    Heights-Utica Av,3 4,8438284,8469613,8534705,8690082,8965908,9051970
Cypress Hills,J,435446,411495,432557,450480,452936,462143
DeKalb Av,B Q R,5122803,5222096,5223608,5288037,5373388,5640329
DeKalb Av,L,3382468,3495896,3712102,3924836,3938538,4017076
Ditmas Av,F,1392790,1404811,1455737,1437835,1033946,1055185
East 105 St,L,1101683,1110433,1161688,1197125,1187844,1201578
Eastern    Pkwy-Brooklyn Museum,2 3,1568924,1578613,1674856,1665524,1676659,1585048
Euclid Av,A C,3100867,3115445,3323235,3315007,3509500,3458027
Flatbush    Av-Brooklyn College,2 5,6547958,6384496,6562226,6447908,6487608,6321530
Flushing Av,G,616083,655317,728668,808421,866803,877269
Flushing Av,J M,2683278,2776360,2869903,2847691,2991074,2894033
Fort Hamilton    Pkwy,D,1103024,1025285,1240644,1317172,1297755,1349733
Fort Hamilton    Pkwy,F G,1292131,1538039,1688093,1729381,1792239,1845401
Fort Hamilton Pkwy,N,2086389,2105486,2200487,2278120,2164028,554051
Franklin Av       /Botanic Garden,2 3 4 5 S,4712492,4934593,5125782,5377967,5100038,5010984
Franklin Av,C S,1904736,1982691,2049246,2125076,2137752,2056281
Fulton St,G,1179034,1280063,1394890,1485669,1643353,1639930
Gates Av,J Z,1870109,1901060,1895878,1984486,2100864,2117787
Graham Av,L,3054897,3086342,3179579,3402514,3293413,3324292
Grand Army    Plaza,2 3,2417351,2507555,2556750,2505721,2433907,2425948
Grand St,L,2135063,2145374,2260023,2414872,2242757,2174128
Grant Av,A,1953637,1952581,1958503,2041848,2084651,2170567
Greenpoint Av,G,2490286,2521422,2543568,2428027,2902723,2951454
Halsey St,J,1805490,1800505,1845755,1968526,2083683,2101350
Halsey St,L,2037729,2136529,2317512,2492974,2465693,2629576
Hewes St,J M,848377,895661,927212,903641,981379,913179
High St,A C,2093306,2209212,2441136,2687244,2656705,2536059
Hoyt St,2 3,1922916,1978582,2033085,2181465,2249892,2356001
Hoyt-Schermerhorn    Sts,A C G,2968639,2990881,2971379,2961316,3038302,3082398
Jay    St-MetroTech,A C F R,11149629,11492780,11793956,12197352,12765132,13091255
Jefferson St,L,1815391,1906878,2136772,2425983,2514292,2563505
Junius St,3,678990,660013,690625,727369,928235,681935
Kings Hwy,B Q,5311662,5453084,5697467,5693562,5905481,6014920
Kings Hwy,F,1115062,1117098,1134042,1137784,1202640,1398753
Kings Hwy,N,1601357,1616827,1630749,1687226,1710115,475763
Kingston Av,3,1519113,1515277,1545567,1564089,1573003,1560437
Kingston-Throop    Avs,C,1659127,1703474,1834623,1887628,1992480,2031710
Knickerbocker    Av,M,1136213,702426,1018286,1147331,1288025,1288438
Kosciuszko St,J,1468119,1482044,1515244,1521002,1593719,1661644
Lafayette Av,C,1556902,1582360,1638947,1617464,1631737,1639947
Liberty Av,C,817481,796044,810031,807678,858554,920826
Livonia Av,L,829015,902860,934287,987560,1001522,1045593
Lorimer St,J M,1470761,1494085,1523986,1500980,1614154,1595826
Lorimer St    /Metropolitan Av,L G,4479022,4643512,5040719,5090344,5238736,5156893
Marcy Av,J M Z,3609981,3564065,3681903,3953628,4204877,4272443
Montrose Av,L,1983449,2075901,2178772,2335128,2334271,2338095
Morgan Av,L,2114813,2262826,2373595,2513823,2453723,2614617
Myrtle Av,J M Z,3155344,3257338,3562631,3523740,3687468,3764562
Myrtle-Willoughby    Avs,G,1383197,1440313,1578243,1722392,1875988,1887369
Myrtle-Wyckoff    Avs,L M,5358434,5662633,5982615,6381800,6464630,6531453
Nassau Av,G,2396169,2479649,2653526,2760220,2916005,2851899
Neck Rd,Q,1242661,1148708,1218313,1232947,1305776,1336596
Neptune Av,F,536991,505076,523554,512828,531011,513566
Nevins St,2 3 4 5,3524471,3454621,3477861,3580156,3310625,3220745
New Lots Av,3,1954353,1857630,1975478,2038532,2155220,2065205
New Lots Av,L,1304384,1379065,1499902,1583983,1595607,1645273
New Utrecht    Av /62 St,N D,1768935,1931306,1654945,1716638,1857740,1784812
Newkirk Av,2 5,2352060,2279365,2393978,2431300,2476287,2395551
Newkirk Plaza,B Q,2999870,3021079,3380559,3302958,3432907,3315748
Norwood Av,J Z,1065062,1097011,1095573,1145643,1159274,1146658
Nostrand Av,3,1324424,1313227,1327377,1358826,1386067,1358853
Nostrand Av,A C,5139201,5283444,5510841,5439806,5762163,5861658
Ocean Pkwy,Q,1033582,983972,990091,969271,1022215,1016458
Park Pl,S,707253,682438,646934,608731,602858,576122
Parkside Av,Q,2098007,1812362,1381093,1617878,1692567,1783716
Pennsylvania    Av,3,1805956,1690851,1752108,1746438,2111790,753493
President St,2 5,1133831,1142008,1216019,1221048,1243976,1226582
Prospect Av,R,1930101,1864725,1826064,1827271,1785990,1758711
Prospect Park,B Q S,2815199,2892200,3190679,3312727,3327301,3272810
Ralph Av,C,1585546,1625548,1719602,1787157,1867793,1863036
Rockaway Av,3,1792136,1682755,1753354,1763824,526505,1534978
Rockaway Av,C,1548571,1574733,1615457,1641268,1721297,1786802
Saratoga Av,3,1743578,1676421,1777399,1791700,2442282,1208956
Sheepshead    Bay,B Q,4096449,4148629,4205275,4201776,4296566,4322837
Shepherd Av,C,930613,945113,988620,1027404,1059106,1059144
Smith-9 Sts,F G,577571,0,926087,1539209,1636221,1533167
Sterling St,2 5,1787824,1803628,1866122,1785975,1822524,1805238
Sutter Av,L,1303422,1383957,1449524,1499122,1453567,1435112
Sutter    Av-Rutland Rd,3,2370949,2288256,2419794,2467381,2420464,2035027
Union St,R,2228520,2148505,2058555,2065047,2073096,2024863
Utica Av,A C,4437282,4530536,4726582,4878678,5060099,5152649
Van Siclen Av,3,1061359,1016466,1060055,1048755,304082,1250237
Van Siclen Av,C,901530,897528,941172,967947,1019100,1017779
Van Siclen Av,J Z,886663,893665,913115,943663,966461,983370
West 8 St-New    York Aquarium,F Q,814749,767921,702810,741345,789416,795636
Wilson Av,L,1093030,1115994,1243700,1393045,1407098,1219239
Winthrop St,2 5,2173945,2171267,2275444,2263671,2241716,2146809
York St,F,2251649,2344141,2666502,2760385,2900416,3286640
1 Av,L,7050336,7296576,7735905,8111070,7702110,7660896
103 St,1,4302101,4366343,4427199,4199559,4258632,4290142
103 St,6,4901637,4861001,5038138,5198601,4031201,4336922
103 St,B C,1453267,1472319,1528633,1555514,1521132,1481660
110 St,6,3771563,3740549,3841826,3955522,4209449,4196711
116 St,2 3,3439949,3584234,3715803,3845140,3948545,3874037
116 St,6,5253753,5264035,5347692,5370343,5324072,5336694
116 St,B C,1944599,2000033,2122084,2234662,2246138,2276196
116 St-Columbia University,1,4932065,4942022,5044561,4917691,4846181,4797152
125 St,1,2438449,2560513,2649847,2578729,2555321,2524125
125 St,2 3,4518487,4635697,4917465,5103216,5121518,4989981
125 St,4 5 6,8868272,8965496,9290210,9574765,9586567,9431163
125 St,A B C D,8173608,8427453,8932680,9342667,9558837,9603878
135 St,2 3,4344677,4477110,4672352,4932623,4949583,4867017
135 St,B C,1575802,1633467,1722204,1731602,1693561,1731460
137 St-City College,1,4546654,4634498,4825267,4542044,4646578,4564432
14 St   /8 Av,A C E L,12415290,13044037,13903211,14340856,14763727,14572075
14 St     /6 Av,F M 1 2 3 L,15199211,15487097,15844699,16215866,16121318,16118952
14 St-Union Sq,L N Q R W 4 5 6,34927178,34639575,35309414,35677468,35320623,34289822
145 St,1,3138419,3289827,3274106,3364151,3338110,3328994
145 St,3,981914,1014623,1073259,1114674,1137484,1086105
145 St,A B C D,6948193,7048936,7432177,7778992,7923696,7949593
155 St,B D,1248295,1257551,1281168,1299098,1306282,1308981
155 St,C,792465,798881,822333,852716,842826,881431
157 St,1,3259408,3381015,3458058,3481873,3516545,3542519
163    St-Amsterdam Av,C,1221336,1230018,1317493,1390615,1395260,1450668
168 St,A C 1,7500154,7503282,7884456,8090476,8009233,8217661
175 St,A,4029936,4028015,4154792,4187473,4197373,4049645
18 St,1,2497134,2533877,2585522,2622558,2676304,2687128
181 St,1,3171483,3496979,3608658,3751020,3779275,3772385
181 St,A,3245786,3242555,3309493,3456161,3628174,3459170
190 St,A,1445656,1473807,1472564,1458911,1530460,1460194
191 St,1,2318562,2512719,2598961,2700904,2713440,2730419
2 Av,F,5728217,5706955,5999079,5772265,5847710,5772537
207 St,1,2054287,2205288,1966949,2049587,2090297,2148169
215 St,1,583486,599790,638224,626312,615177,636441
23 St,1,4622230,4654520,4818903,4883773,4884678,4703374
23 St,6,8999142,8901705,9200337,9033835,8627481,8539378
23 St,C E,7001778,7155940,7629811,7923005,7844508,7543246
23 St,F M,7911886,8078511,8446249,8678810,8942154,8989195
23 St,W R,6659479,6805210,6905704,7348879,7965410,8151328
28 St,1,4093901,4346501,4548738,4666347,4665377,4544976
28 St,6,6741400,6688570,7076992,7107083,7214293,7161164
28 St,W R,3297714,3413315,3520209,3796977,4083143,4205109
3 Av,L,2048408,2182023,2310062,2473561,2386533,2449392
33 St,6,9220240,9374676,9756409,9798598,9701723,9577123
34 St-Herald    Square,B D F M N Q R W,37731386,37154138,38213448,39285568,39541865,39000352
34    St-Hudson Yards,7,null,null,null,null,692165,2691851
34 St-Penn    Station,1 2 3,26758623,27010176,27730331,28638643,28309160,27741367
34 St-Penn    Station,A C E,24751771,24851746,25726374,26493571,26147434,25183869
42 St-Bryant    Pk    /5 Av,B D F M 7,14752187,14917245,15527439,15896805,16220605,16934142
47-50    Sts-Rockefeller Center,B D F M,17466013,17091251,17759382,18236646,18469446,18086203
49 St,N W R,8121552,8186576,8155010,8544694,8029988,8754627
5 Av-53 St,E M,6519696,6744422,7298061,7543062,7597212,7240517
5 Av-59 St,N W R,5893657,5941836,5927685,6155019,6017047,5929715
50 St,1,7647852,7927578,8074270,8450496,8266677,8157242
50 St,C E,5573587,5714183,6259935,6867521,6826275,6778797
57 St,F,4630781,4408190,4520733,4603639,4720245,4821309
57 St-7 Av,N Q R W,8613792,8726980,8945751,9314649,9512090,9616547
59    St-Columbus Circle,A B C D 1,21300892,21599586,22774421,23566961,23299666,23203443
66 St-Lincoln    Center,1,7089390,7367599,7527781,7772308,7790234,7606975
68 St-Hunter    College,6,10481234,10373302,10520477,10545971,10237854,10124694
7 Av,B D E,4297779,4384090,4744808,5092341,5252615,5162589
72 St,1 2 3,12784301,13043031,13456906,13375012,13341361,13257766
72 St,B C,2787379,2832934,2942517,3015722,2979236,2921892
77 St,6,11163007,11109431,11167386,11454604,11014861,10927200
79 St,1,5330857,5292422,5438078,5601595,5534255,5371624
8 St-New York    University,W R,5779126,5663358,5379647,5635598,5894747,6030544
81 St-Museum    of Natural History,B C,4116976,4232404,4477625,4561347,4584041,4517912
86 St,1,6128225,6219513,6333352,6519979,6464625,6359252
86 St,4 5 6,19425347,19686985,20528208,20735032,20890828,20337593
86 St,B C,3238616,3300644,3408922,3515551,3474343,3478317
96 St,1 2 3,11784341,12108040,12582947,13108304,13008596,12700397
96 St,6,7753114,7708346,7785646,7958453,8294978,8004488
96 St,B C,2775904,2829949,2979535,3089701,3084906,3044779
Astor Place,6,5571077,5535996,5775276,5751688,5447655,5271496
Bowery,J Z,991686,968629,970576,1057000,1184920,1223959
Bowling Green,4 5,7793614,7990789,9081649,10261064,9153462,8870811
Broad St,J Z,1473717,1315012,1436506,1662905,1834780,2064292
Broadway-Lafayette    St    /Bleecker St,B D F M 6,11651990,11792114,12560629,12913327,12666868,12405639
Brooklyn    Bridge-City Hall   /Chambers St,4 5 6 J Z,10681037,10650508,10721984,10938927,10481576,10059080
Canal St,1,1785923,1727415,1787110,1859071,1830920,1801063
Canal St,A C E,5646937,5612068,5922371,6013138,6011243,5753945
Canal St,J N Q R W Z 6,15577018,15529659,15227139,15104077,15094135,15274896
Cathedral    Pkwy-110 St,1,4440822,4491643,4557743,4301285,4280482,4160302
Cathedral    Pkwy-110 St,B C,2166542,2207790,2301545,2351549,2376166,2354421
Central Park    North-110 St,2 3,2724841,2808386,2932790,3110140,3188551,3147750
Chambers St,1 2 3,6554728,6603287,6755281,6973674,7054771,6948976
Chambers St     /WTC /Park Place,A C E 2 3,15458781,15364366,15641210,16088983,16910084,16079624
Christopher    St-Sheridan Sq,1,3471186,3435088,3433544,3480159,3363949,3307136
City Hall,R W,2627822,2094122,1560414,1151646,1828806,1977733
Cortlandt St,1,0,0,0,0,0,0
Cortlandt St,R W,1640638,2062289,1601732,1500040,2713532,4270036
Delancey St    /Essex St,F J M Z,7172867,7280936,7759914,7909365,8226975,8458101
Dyckman St,1,1212678,1231954,2094538,2298848,2317843,2410021
Dyckman St,A,2326780,2344316,2112706,2158170,2244154,2135271
East Broadway,F,4057707,4021679,4208654,4379909,4576662,4752739
Franklin St,1,1777323,1714218,1703889,1745841,1731354,1782203
Fulton St,A C J Z 2 3 4 5,17971983,17868334,18721694,20102397,21671684,25162937
Grand    Central-42 St,S 4 5 6 7,42795505,42984249,44893301,46074652,46737564,46121509
Grand St,B D,7770139,7658249,7994060,8131543,8010864,7942505
Harlem-148 St,3,1101666,1110842,1171372,1209633,1269910,1220407
Houston St,1,4225089,4287926,4510538,4562690,4377409,4375993
Inwood-207 St,A,3079573,2795992,2897438,2981271,3068931,2904915
Lexington Av    /59 St,N W R 4 5 6,20377141,20628942,21282767,21557198,21407792,21000635
Lexington    Av-53 St  /51 St,E M 6,18948032,19280036,20262110,20513370,20479923,19929405
Lexington    Av-63 St,F,4722939,4566850,4462467,4479963,4718159,5033950
Marble    Hill-225 St,1,1476489,1721707,1725406,1846582,1809998,1777035
Prince St,W R,5603783,5508110,5209433,5311765,5386641,5314922
Rector St,1,2636681,3055453,3398383,3393420,3042815,2805381
Rector St,R W,2413512,2053706,1524110,1116833,1896968,2038348
Roosevelt    Island,F,2114468,2026567,1948925,1870476,1966493,2110471
South Ferry    /Whitehall St,1 R W,9073709,8123655,6192660,7116897,8750364,9009136
Spring St,6,3887184,3999949,4123703,4169799,3804403,3792870
Spring St,C E,3589809,3718956,3874428,3965206,3782314,3744702
Times Sq-42    St        /42 St,N Q R W S 1 2 3 7 A C E,60604822,62069437,63617614,65948730,66359208,64531511
Wall St,2 3,7016078,7034940,7473489,7845023,7650853,7689447
Wall St,4 5,6526692,6658687,7231884,7437325,6708745,6148384
West 4    St-Washington Sq,A B C D E F M,12506322,12727443,13533369,13942101,14147148,13955067
103 St-Corona Plaza,7,6095306,6130376,6314870,6464627,6527196,6504644
104 St,A,523212,507774,516000,388144,538400,626547
104 St,J Z,782115,755193,779537,827890,841545,850903
111 St,7,3494533,3473313,3607926,3659225,3699843,3753756
111 St,A,798886,796622,795820,802831,767647,561857
111 St,J,805590,764882,780300,802275,812055,805255
121 St,J Z,694567,664855,688985,766469,788674,794687
169 St,F,2781001,2759602,2834112,2854274,2858542,2787763
21 St,G,364597,469173,422616,427353,533529,580065
21    St-Queensbridge,F,2707275,2654261,2631860,2683624,2884831,3009540
30 Av,N W,4340888,4622323,4776709,4808350,4745260,4694548
33 St-Rawson    St,7,3707015,3752701,3899003,3892589,3712153,3636632
36 Av,N W,2246477,2412794,2462645,2439630,2394564,2343925
36 St,M R,1238985,1257059,1278109,1307054,1339754,1355271
39 Av,N W,823763,930291,1012381,1104375,1072026,1016809
40 St-Lowery    St,7,3378636,3393418,3483507,3496675,3421569,3399567
46 St,M R,2964965,2978233,3014082,3021219,2956981,2904517
46 St-Bliss    St,7,4683092,4638262,4734334,4695672,4593351,4541003
52 St,7,2117202,2138307,2182725,2214115,2177884,2131770
63 Dr-Rego    Park,M R,4891415,4998378,5129203,5272014,5244226,5219811
65 St,M R,1098734,1131591,1124823,1159576,1192281,1183534
67 Av,M R,2791494,2770364,2818350,2851905,2853794,2807769
69 St,7,1649055,1647057,1671584,1685222,1629526,1643806
74-Bway    /Jackson Hts-Roosevelt Av,7 E F M R,16377496,16366669,16864938,17087795,17224537,17301839
75 Av,E F,1171380,1130707,1155836,1131705,1136305,1102600
75 St-Elderts    Ln,J Z,1128911,1107947,1138544,1172162,1196186,1187714
80 St,A,1283827,1294099,1310413,1507116,1465264,1098234
82 St-Jackson    Hts,7,5163208,5013810,5139172,5172595,5128506,5089971
85 St-Forest    Pkwy,J,1138842,1125639,1157863,1212661,1239793,1237770
88 St,A,805054,792615,808822,613296,1011163,952251
90    St-Elmhurst Av,7,5480782,5428872,5513135,5480059,5489630,5471961
Aqueduct    Racetrack,A,54183,0,213601,630644,672734,676971
Aqueduct-North    Conduit Av,A,474915,890505,698115,357399,365488,342494
Astoria Blvd,N W,3850546,3871213,3962838,3914637,3926062,3894399
Astoria-Ditmars    Blvd,N W,5203409,5233305,5405084,5416919,5407027,5429314
Beach 105 St,A S,80580,82088,48916,82980,99254,95469
Beach 25 St,A,501037,437602,267585,519843,570312,601116
Beach 36 St,A,192676,217880,143400,272799,296860,305816
Beach 44 St,A,225250,161946,91331,181758,197543,212440
Beach 60 St,A,555937,588970,406698,772376,801015,794595
Beach 67    St-Arverne By The Sea,A,681006,572418,357807,701784,799134,811248
Beach 90 St,A S,387012,305397,194416,306284,333006,335515
Beach 98 St,A S,198503,193332,100594,200197,214040,203795
Briarwood-Van    Wyck Blvd,E F,1730276,1563242,1427813,1427017,1479278,1515926
Broad Channel,A S,88837,75969,36849,74386,91766,91208
Broadway,N W,4007018,4161120,4325297,4407347,4300632,4189306
Court Sq,E G M 7,6334869,5340581,6072768,6664442,6730837,6809217
Elmhurst Av,M R,4338857,4344648,4343633,4362316,4350714,4268747
Far    Rockaway-Mott Av,A,1426835,1217871,806025,1486147,1576988,1572694
Flushing-Main    St,7,18967751,19034789,19102434,19085948,19082391,19257879
Forest Av,M,1172881,1134938,1179301,1235376,1317289,1316296
Forest    Hills-71 Av,E F M R,8316825,8342293,8573480,8585239,8654547,8581096
Fresh Pond Rd,M,1617252,1590304,1534754,1676862,1806429,1831889
Grand    Av-Newtown,M R,5721038,5741626,5832568,5861823,5995764,6057028
Howard    Beach-JFK Airport,A,928529,1074516,1626984,963503,1041816,1012067
Hunters Point    Av,7,1655252,1704114,1710103,1791109,1848769,1994002
Jamaica    Center-Parsons-Archer,E J Z,12147163,12204423,12507906,12784635,12622977,12470914
Jamaica-179    St,F,6818728,6767423,6868439,6818494,6898938,6783119
Jamaica-Van    Wyck,E,1527249,1552178,1565998,1587413,1545016,1536716
Junction Blvd,7,6963489,6784942,6816700,6946966,7064435,7249912
Kew    Gardens-Union Turnpike,E F,8179749,8296905,8609185,8363109,8354731,8109611
Mets-Willets    Point,7,1729243,1693024,1902121,1875472,2120859,2004343
Middle    Village-Metropolitan Av,M,1220377,1189616,1200171,1300110,1361246,1365048
Northern Blvd,M R,2184353,2214223,2239136,2290836,2282296,2264100
Ozone    Park-Lefferts Blvd,A,2286542,2246624,2262961,2263109,2224331,2351557
Parsons Blvd,F,1920497,1950852,2035948,2052252,2094007,2063042
Queens Plaza,E M R,2550906,2747366,2855006,3005223,3101888,3124028
Queensboro    Plaza,N W 7,3047146,3350219,3569290,3785260,3773168,4105500
Rockaway Blvd,A,2373967,2446937,2637100,2575171,1729268,2382252
Rockaway    Park-Beach 116 St,A S,286902,251080,135956,231407,255542,250220
Seneca Av,M,758144,716729,711011,755026,842069,854251
Steinway St,M R,4930914,4866245,4798179,4807448,4779346,4703321
Sutphin Blvd,F,1470022,1468970,1550363,1468419,1506607,1414334
Sutphin    Blvd-Archer Av-JFK Airport,E J Z,6839255,6975316,7303038,7633725,7767728,7904869
Vernon    Blvd-Jackson Av,7,3170128,3357030,3726974,4169876,4462652,4877185
Woodhaven    Blvd,J Z,1357800,1328319,1398536,1505920,1551590,1513298
Woodhaven    Blvd,M R,7241776,7157320,7157254,7125205,7120037,7144921
Woodside-61    St,7,5382589,5273308,5330760,5356621,5432682,5511564